0.046482,0.01546
-0.22664,-0.28393
-0.040978,0.088126
0.020958,0.0023718
0.1046,0.10435
0.38687,0.12846
0.22021,0.18846
-0.059107,0.019874
0.032793,0.33782
-0.22574,-0.36148
-0.20311,-0.34953
0.22642,0.032286
0.2003,0.103
-0.14513,-0.14559
-0.17823,-0.49104
-0.18138,0.17816
-0.12841,-0.01773
-0.093093,0.4035
0.24805,-0.064295
0.014589,0.032535
0.052604,0.037647
-0.11077,-0.11174
0.014461,-0.15164
-0.2055,0.10083
0.20712,-0.37449
0.29673,0.019566
-0.048838,-0.057811
-0.087839,0.043437
0.041344,0.035914
-0.093964,-0.015882
0.014708,0.249
-0.13476,-0.13179
0.12849,0.1769
0.010329,-0.10857
-0.026538,0.12107
0.095844,0.19621
-0.082766,0.11797
0.1922,0.044474
-0.042939,-0.011624
0.18469,0.30884
0.22972,0.0033264
-0.08175,0.22271
0.11756,0.26185
-0.063696,0.14637
0.27681,0.2326
0.0063168,0.022512
0.363,0.095372
0.20186,0.10412
-0.10424,0.078571
0.027567,0.029823
0.10855,0.17776
-0.047892,-0.20306
0.17624,-0.17677
0.12422,0.051333
0.057638,0.14345
0.37057,0.069656
-0.097582,-0.21485
0.21614,-0.14545
-0.040961,0.099992
-0.16484,0.042793
0.12587,-0.34402
0.155,0.049682
0.13405,0.0056116
0.17753,-0.21393
-0.45833,0.16757
0.046479,0.2385
-0.25242,-0.0028303
-0.10049,0.10245
0.043688,0.049365
-0.14003,-0.093604
-0.089469,-0.1612
-0.13486,-0.073236
0.12042,0.28661
0.15676,-0.16045
-0.080666,0.096563
0.14783,0.01841
0.045544,-0.33264
-0.11092,0.16234
0.19141,-0.10202
-0.29842,-0.23779
-0.17171,0.19118
-0.080912,0.091664
0.11012,-0.23876
-0.28011,0.036583
-0.065022,0.085331
0.27724,0.46633
0.037633,0.25442
0.33998,0.082583
-0.28996,-0.348
-0.014195,0.13952
0.17379,0.30041
0.044262,0.046977
0.075812,-0.30531
-0.10825,0.1267
-0.10841,0.014195
0.066173,-0.11686
-0.11473,0.049451
-0.23594,0.052934
0.12092,0.0077779
0.14369,0.12031
-0.1457,0.52388
-0.2256,0.15023
-0.069719,-0.27392
-0.29741,0.01824
-0.015208,-0.24552
0.10938,-0.20544
-0.09874,0.093276
0.10758,-0.059783
-0.035458,-0.073989
0.38344,0.19785
-0.3389,-0.34291
0.026217,0.17939
-0.08804,0.22587
-0.10852,0.049979
0.11869,0.38662
0.077678,-0.14065
-0.1283,-0.26809
0.28593,0.19049
-0.0061809,-0.21911
-0.084476,-0.015687
-0.020323,0.21115
-0.17663,-0.0020216
-0.16138,0.16487
0.19554,0.22087
0.1104,0.0096567
0.07055,-0.080633
0.039208,0.038721
-0.19032,0.428
-0.079771,-0.083299
0.30648,0.012046
0.064279,-0.11525
0.095958,0.23865
0.17659,-0.037367
-0.077759,0.15655
0.1457,-0.091967
0.13227,0.067794
-0.071357,0.35411
-0.029779,0.06446
-0.0066505,-0.09102
-0.054361,-0.070826
-0.20839,-0.38074
-0.066272,0.15477
-0.068233,0.15229
-0.083642,0.22619
0.1565,0.25877
-0.1714,-0.18513
-0.11369,0.25018
-0.37896,0.07613
0.072156,0.016326
-0.14367,0.029092
-0.0090341,0.18506
-0.35232,-0.066213
0.16677,0.037316
0.031365,-0.050053
-0.10049,0.15399
0.2115,-0.25862
0.25775,-0.10586
-0.084112,0.22218
0.12618,0.075136
-0.081083,0.23031
-0.14412,0.24561
0.20757,-0.074395
-0.14198,0.021891
-0.045494,0.21412
-0.26528,-0.053394
0.16462,-0.13418
0.061249,-0.11844
-0.098607,-0.015818
-0.32415,0.16008
-0.22654,-0.27257
0.05082,-0.097151
-0.083224,0.059707
0.16306,0.25599
-0.1256,0.037259
0.15713,-0.061995
0.15238,0.060672
-0.042355,0.1836
-0.02126,-0.095695
0.23142,-0.029868
0.071648,0.016702
-0.24738,-0.26524
-0.085123,-0.033181
-0.20519,-0.0662
0.006359,-0.1307
-0.057681,0.082506
-0.017279,-0.31871
0.2183,-0.0088842
-0.14307,0.11379
-0.19142,0.040429
-0.030727,-0.12868
-0.38837,0.032062
0.014722,0.0089184
-0.25126,-0.032539
0.04928,-0.14707
0.12602,-0.088583
0.11721,0.39576
0.22373,0.27027
0.31785,0.050195
0.095157,-0.18922
0.080397,-0.049836
0.12258,-0.073546
0.070461,-0.14379
0.054623,0.050869
0.088989,-0.18721
0.27755,-0.00088508
0.01546,-0.080372
-0.11292,0.20398
0.073246,-0.043354
-0.15102,-0.17677
0.15356,0.20785
0.042646,-0.28883
-0.010083,0.20754
-0.029999,0.14624
-0.08701,0.025752
0.070225,-0.095715
0.022248,-0.049793
0.12456,0.4696
0.069054,0.20133
0.13368,-0.11152
-0.15583,0.076198
-0.18843,-0.11047
0.14313,0.25354
0.054728,-0.18951
0.23195,-0.071839
0.24108,0.13219
0.13621,-0.036268
0.060792,0.039196
0.1224,0.25869
-0.15134,-0.15618
-0.056673,-0.25434
-0.027827,0.40853
-0.035405,0.31362
-0.019559,0.11809
0.030879,0.15773
0.017573,0.12097
-0.1635,0.12493
-0.031315,0.092719
0.017803,0.13234
0.17993,0.19157
-0.23506,-0.12847
0.12328,0.099711
-0.087098,0.0019638
-0.30972,0.22258
-0.063394,0.18905
-0.15981,0.014005
0.17761,-0.099259
-0.11907,0.23997
0.039882,-0.0075377
-0.023714,0.11014
-0.04915,-0.010889
0.022479,0.072489
-0.16369,-0.26243
-0.040684,0.13229
0.17213,-0.053095
-0.035829,0.11478
-0.31849,-0.35916
-0.26017,-0.24114
-0.097912,0.080514
-0.1871,0.23748
-0.14561,-0.32483
-0.14034,-0.041955
0.042501,0.14357
-0.22174,-0.072446
-0.075679,-0.058173
0.013557,-0.17103
0.33441,0.14866
-0.13165,0.074207
0.1902,-0.051848
0.17607,0.26932
0.0072957,-0.2392
0.038487,-0.0090424
-0.071933,-0.14728
0.02665,0.24182
0.034484,-0.19213
-0.038508,-0.16466
0.10072,0.090618
0.00383,-0.081079
0.073465,0.21212
-0.12588,0.20062
0.37822,-0.091349
-0.16232,-0.078152
0.053604,0.30315
-0.20357,-0.038453
0.07895,0.35667
-0.20584,-0.45728
-0.073979,-0.16784
-0.067631,-0.025226
0.13833,0.21525
-0.18982,-0.17915
-0.056684,-0.23683
-0.083309,-0.087736
-0.05955,0.20407
-0.098929,-0.019306
0.0002648,-0.098143
0.00036887,0.041648
-0.11225,0.13618
-0.0444,0.27143
-0.16898,-0.060472
0.045479,-0.30928
0.010277,-0.02329
0.077967,-0.033826
-0.074819,0.2742
-0.01993,-0.32109
0.13802,0.11839
0.24185,-0.11364
-0.039412,-0.046798
0.24269,0.2384
0.21711,-0.057782
0.0052146,0.059233
-0.13509,-0.18103
0.1643,-0.1002
-0.019365,0.010879
0.22938,0.081417
-0.10718,0.0801
-0.10275,0.11228
-0.25692,0.021277
0.086133,0.054583
0.055638,-0.25692
-0.038933,0.033394
0.32518,0.25871
0.02157,-0.068386
-0.13276,-0.1544
-0.0087848,-0.16229
-0.11184,0.16597
0.11862,-0.24785
0.143,-0.037706
0.1447,-0.25997
0.22237,-0.15413
-0.13643,-0.16569
-0.36373,-0.028487
-0.14188,0.25273
-0.028149,-0.049652
0.03027,0.22306
0.25726,-0.0025401
-0.1036,-0.20016
-0.03971,-0.049786
0.27851,0.043152
-0.033284,0.041604
0.048222,-0.18932
0.021562,0.13015
0.20097,-0.20311
0.028403,0.011191
-0.17886,-0.12669
-0.05889,-0.31002
0.034353,0.11532
0.0073805,0.21465
-0.023449,0.20003
0.10816,0.33121
-0.11994,-0.36074
-0.095008,-0.11276
-0.085656,-0.096243
0.22375,-0.10752
-0.10611,-0.38625
-0.17374,0.0058202
-0.024165,-0.21698
0.013876,-0.083297
0.18001,-0.046151
0.043419,0.077641
-0.083976,-0.29057
-0.34621,0.02855
-0.28995,-0.06065
0.035672,-0.16536
-0.2971,-0.0031883
0.39418,0.20889
-0.23928,-0.022319
0.20815,-0.17928
-0.24153,0.19609
-0.15377,-0.22498
-0.18005,-0.047535
-0.16325,-0.050291
-0.20228,-0.032403
0.060219,0.3208
-0.22033,-0.2825
-0.072251,-0.13708
0.019189,-0.15465
0.1839,-0.35729
0.039763,-0.17305
0.21106,-0.085798
0.15588,0.021515
0.23087,0.082294
0.29309,0.036802
-0.27221,0.087323
0.056575,-0.059268
0.11094,-0.0023067
-0.36613,-0.46979
0.044247,-0.093959
0.040935,0.20846
0.12762,-0.083441
-0.082132,-0.32886
-0.25716,-0.3454
-0.088415,0.12926
-0.040038,0.39888
0.33413,-0.14268
-0.00087698,-0.034691
-0.049764,0.084945
0.12718,-0.050237
-0.048262,0.064257
-0.065127,0.06096
-0.23709,0.15885
0.093322,-0.070937
-0.15951,-0.32398
-0.079486,-0.086581
0.068781,0.0309
0.29051,-0.1143
0.06878,0.4967
-0.018168,-0.31748
0.13375,0.053627
-0.084925,0.21435
0.12584,-0.11062
0.26809,0.04802
0.049922,-0.027983
-0.21964,-0.3532
-0.17943,0.35703
0.19645,-0.12503
-0.17986,-0.0061699
-0.16243,0.23352
0.11812,0.26559
-0.16655,-0.047509
-0.20325,-0.2744
0.41938,0.14193
-0.049032,0.23637
0.24495,-0.036992
-0.3351,0.13113
0.20828,-0.16588
-0.056732,-0.05055
0.11267,-0.24059
-0.067153,0.1335
0.10659,0.14703
0.013503,0.00044305
0.061877,-0.029613
0.11924,-0.19477
-0.031447,-0.085754
0.24803,-0.080395
0.20574,-0.04445
-0.041299,-0.08375
-0.066909,-0.14189
0.34844,-0.068835
0.22466,0.073447
0.15728,0.40746
-0.015029,0.049407
0.077532,0.098181
-0.26922,0.17162
-0.047629,0.27181
-0.17293,-0.053386
0.21926,0.25363
0.21731,0.093942
0.094372,0.0066497
-0.015214,0.044429
-0.35492,-0.0096992
-0.12005,-0.050809
0.10866,0.1474
-0.10958,0.10962
-0.083739,-0.083163
0.015193,-0.13656
0.17274,0.061581
0.10447,0.44286
-0.22838,0.070318
-0.16219,0.14414
-0.12798,-0.18994
-0.059075,0.063669
-0.002958,-0.24009
-0.17679,-0.080843
0.30117,-0.10225
0.15552,0.06052
-0.080248,0.12905
-0.00074333,0.040904
0.097442,-0.033563
-0.33325,-0.37874
-0.070702,0.0053573
0.23682,0.19889
-0.0077887,0.061888
-0.21775,0.20239
0.1774,0.025063
-0.14229,0.45905
0.0365,-0.066733
0.14484,0.37459
0.2282,-0.3345
0.22587,0.18703
-0.11764,-0.12002
-0.278,-0.017143
0.34172,0.037842
-0.033814,0.12546
-0.22174,-0.099424
-0.19293,0.0046512
0.22093,0.23344
-0.03551,0.24419
-0.002436,0.16836
-0.22397,-0.11131
-0.058359,-0.31968
-0.037578,0.12614
0.10568,-0.037517
-0.12132,-0.28914
-0.12066,0.023555
-0.096844,-0.033808
-0.027418,-0.23798
0.147,0.48361
0.17322,-0.14922
0.3579,0.058486
-0.027762,0.06851
0.08553,0.34844
-0.046074,0.00012402
0.21506,0.22879
-0.051416,0.051304
0.38321,-0.10342
-0.091584,-0.0049408
-0.27374,-0.054208
-0.025663,0.36195
-0.2594,0.42418
-0.0039783,0.020543
-0.094289,-0.050849
0.17709,-0.012822
0.19168,-0.043447
0.30202,0.22616
-0.019892,0.016782
-0.1097,0.42397
-0.3048,0.108
0.076554,0.051483
-0.092853,0.11327
0.20809,-0.16539
-0.096932,-0.084918
-0.21536,-0.38109
0.084769,-0.11397
-0.29741,0.043115
0.36552,-0.069055
0.13341,0.091532
-0.3361,0.14019
0.050286,-0.27161
0.1947,0.31579
-0.10012,0.19993
-0.14063,0.12062
-0.10458,-0.15779
-0.10582,-0.10878
-0.27584,0.21233
0.049398,0.13414
0.0021981,-0.097962
0.22019,-0.0021856
-0.22965,-0.01146
-0.22211,-0.16003
-0.097555,-0.087723
-0.17928,-0.011719
0.16951,0.4058
0.075311,0.28242
-0.016547,-0.037038
-0.070777,-0.05881
0.0193,-0.089165
-0.38788,-0.37492
-0.10717,0.10992
0.0068497,0.24784
0.016407,-0.13588
0.094835,0.33116
-0.12104,-0.24631
0.11249,-0.1855
-0.060187,0.17055
-0.078971,0.45494
-0.25556,-0.35358
-0.1306,-0.03789
0.027455,-0.0058842
-0.21068,0.29811
0.067889,-0.045115
-0.26819,0.37682
-0.18624,0.30275
0.0076966,-0.051651
0.15912,-0.26287
0.31487,0.019247
0.25921,0.075494
0.013129,0.044913
0.09658,0.041685
0.25221,-0.07576
0.077113,-0.05342
-0.32071,-0.031375
0.10829,0.2188
0.036689,-0.07477
-0.10703,-0.16634
0.18173,0.14327
-0.089871,-0.10957
-0.072413,-0.2298
0.0055254,-0.0038348
-0.12956,-0.43308
0.14014,-0.31737
0.16162,-0.17674
0.14212,-0.22127
-0.0060791,0.02964
-0.27931,0.1044
-0.18904,0.27368
-0.42866,0.11117
-0.10648,-0.18609
-0.043007,0.057702
0.028374,0.12971
-0.33842,-0.20339
-0.33252,-0.088332
-0.31004,-0.033089
-0.15065,-0.010713
-0.11393,0.34949
-0.067565,0.42548
0.16008,0.088852
0.089612,-0.26535
-0.0030341,-0.027334
-0.093302,0.0099371
0.25306,0.2112
0.187,0.043907
-0.32907,-0.12836
0.096478,-0.12308
0.18724,0.1563
-0.34355,0.10057
-0.093936,0.40113
-0.2028,0.11926
-0.3088,-0.069779
-0.062461,-0.020755
0.0088381,0.029123
-0.014261,0.097992
0.16453,0.25205
0.36268,0.12586
-0.1503,-0.028056
-0.23464,0.6101
0.007923,-0.21409
0.22454,-0.11119
-0.014171,-0.071574
-0.19603,-0.067967
0.045416,0.22
-0.053343,0.086494
-0.10294,-0.078508
0.10809,-0.016564
0.044298,0.12107
-0.32264,0.15552
0.13096,-0.2093
-0.01991,-0.056698
0.029201,-0.012943
0.16308,0.19615
0.31315,-0.24696
0.0085323,-0.016889
-0.018187,0.094525
0.037597,0.21049
-0.024818,-0.1572
0.18211,-0.12084
0.046341,0.26155
-0.057457,0.13224
-0.15015,-0.16432
-0.071038,-0.030873
-0.26532,-0.16042
0.20403,-0.2949
0.037286,-0.29237
-0.098924,-0.20123
-0.18932,-0.30029
-0.053923,-0.037289
0.46288,0.083387
0.16437,-0.11523
-0.0043356,0.063415
-0.020027,-0.30625
-0.30792,0.079277
0.24642,0.36967
0.11879,-0.41125
0.23479,-0.0019979
-0.29641,0.18791
-0.052526,0.11848
0.00030689,0.30698
-0.3101,0.1214
-0.092754,0.065431
-0.065625,-0.057806
0.21578,-0.12388
-0.020038,0.092602
0.19922,0.018217
-0.11212,-0.25133
0.087655,0.18662
0.18835,0.072336
-0.14169,-0.10267
0.42735,-0.29402
0.1015,-0.14477
0.28711,0.18633
-0.30926,-0.0070271
0.24953,0.13515
0.31481,-0.086968
0.016046,-0.012172
-0.11246,-0.076934
-0.15184,0.27163
0.017313,0.25644
-0.057415,0.06852
0.019353,0.075635
-0.20157,-0.10424
-0.079689,-0.013439
-0.028011,-0.025571
0.076665,0.052736
0.11203,0.074118
-0.22046,0.15277
0.41559,0.1558
0.17577,0.28764
-0.021629,0.12668
0.31601,-0.10925
0.23424,-0.12687
0.10665,0.2012
-0.046993,0.26434
0.11196,-0.15911
-0.54088,-0.082207
0.061,0.079016
-0.041507,0.17606
0.14759,0.083057
0.091622,0.35
-0.011453,0.056605
-0.21792,0.209
0.012485,-0.10685
0.14419,-0.085407
-0.14001,-0.071276
0.025558,-0.050362
-0.082608,0.16318
-0.13148,0.24135
0.11171,-0.33767
-0.10732,0.2517
-0.32897,0.01806
-0.048729,0.018706
0.037845,-0.23244
0.19504,0.1005
-0.1365,0.21236
-0.15476,0.00039029
0.1308,0.27864
0.023286,-0.31008
-0.039721,0.13056
0.21549,0.12131
0.0078416,0.003151
-0.32138,0.11863
-0.027288,-0.17542
0.017884,0.0044083
-0.058029,-0.31729
0.16645,-0.063768
-0.0054779,0.15351
0.27358,0.17171
-0.11139,-0.059613
0.17241,0.25523
0.065479,0.0017387
0.080974,0.12029
0.19166,-0.19954
0.098253,-0.064519
-0.045792,0.011088
-0.207,-0.060581
0.052215,0.15617
0.020533,-0.0083492
-0.17234,0.088726
-0.266,0.371
0.1682,0.031046
0.096828,0.14845
-0.16271,-0.11662
-0.18877,-0.17385
-0.10683,0.020101
-0.030056,0.065717
-0.54257,-0.10885
-0.15759,-0.003832
0.12855,0.31769
0.084866,0.021571
0.05378,0.39162
0.31378,-0.048451
-0.19875,-0.029286
0.37451,0.19616
0.07802,0.52361
0.079049,1.0582
-0.20645,1.0978
0.044333,1.1836
-0.31863,1.1883
0.24165,1.0239
0.045686,1.2524
0.13662,1.4404
-0.21668,0.74358
0.086786,0.88083
0.33783,0.75501
-0.12436,1.1758
-0.26055,0.95245
-0.15161,1.1468
0.2002,0.64916
0.057528,0.73097
-0.071161,0.93201
0.1698,1.1945
-0.17715,0.82389
-0.085501,0.81065
-0.27392,1.112
0.01108,0.56574
-0.33694,1.1791
-0.032226,0.97085
0.071436,1.0066
0.16048,0.90011
-0.20371,1.0333
0.19416,1.2171
-0.058574,0.55176
0.40136,1.363
0.13355,1.1189
-0.30511,0.97397
0.34795,1.2889
-0.015254,1.0456
0.2449,1.2252
-0.21636,1.0462
-0.046517,0.70902
0.1425,1.0031
-0.0046215,1.3007
-0.1317,0.89333
-0.081922,1.1849
0.26296,1.0972
0.068587,1.0477
-0.00018986,0.84582
-0.49003,0.99734
0.10415,0.65453
-0.023277,1.3449
-0.13631,0.89163
0.17174,0.75125
0.0036654,0.71279
0.27283,1.2495
0.029677,0.82787
0.29515,0.79275
-0.073186,0.59984
-0.026956,0.75878
0.37031,0.82083
0.05704,1.027
-0.0016636,1.0887
0.34408,0.68648
0.13253,0.86336
0.021785,0.86768
-0.10637,1.0289
0.13438,0.83214
-0.06512,1.0003
0.12128,1.1168
0.11903,1.0066
-0.33513,1.3605
0.20122,1.0228
-0.13634,1.0222
0.20928,1.2709
0.3457,0.95346
-0.1403,1.3216
0.47479,1.2571
0.0063249,1.3402
0.048018,0.91207
-0.30324,0.63223
-0.24348,1.2493
-0.058956,1.1625
-0.30561,1.2213
0.33291,0.95562
0.2299,1.251
-0.29795,1.1313
-0.19002,1.1662
-0.049924,0.54275
-0.082555,0.69767
-0.15449,1.1621
-0.0044695,1.0341
0.19321,0.86181
0.058541,0.84991
0.17679,1.1888
-0.035286,0.87479
-0.10029,1.0437
-0.0056402,1.1385
-0.13109,0.57592
-0.1455,1.1604
-0.038015,1.1324
0.24743,0.60832
0.040586,0.98337
-0.0098171,1.0661
0.36332,0.7443
0.22036,1.1387
-0.21848,1.0667
0.24166,1.4744
0.020589,0.86492
-0.45192,0.62512
-0.34392,0.83692
-0.34903,0.85718
0.22683,0.97594
0.18895,1.4211
0.24098,0.87784
-0.14545,1.2869
0.10417,1.1463
-0.12981,0.90397
-0.22665,1.0495
-0.36372,1.263
0.14603,0.93106
0.11925,0.95792
0.12009,1.114
-0.22268,0.5053
-0.27962,1.1582
0.12884,0.98929
0.10454,0.9461
-0.049008,0.69181
-0.053897,0.78636
0.076031,1.0606
0.27926,1.0944
0.12414,0.83927
0.3469,0.64079
0.24859,1.1886
0.15446,0.87447
0.28712,1.0157
-0.13542,0.69298
-0.24243,1.0739
-0.006572,0.92308
-0.29623,1.1379
-0.23594,1.0625
-0.18808,1.0407
-0.014181,1.2272
-0.096778,1.2196
-0.1716,1.0498
0.068699,0.99993
-0.03741,0.933
-0.30419,1.0037
0.010585,0.92921
-0.031475,0.82845
0.21106,0.95155
-0.21889,0.81912
0.026623,0.93459
-0.17972,0.84542
-0.13459,1.0528
0.083747,1.0316
-0.28495,0.71225
0.064044,1.0683
-0.02913,1.143
-0.0054003,0.94104
0.22583,1.1446
0.30397,1.0767
0.17403,1.1801
-0.36618,1.0205
0.082513,0.89762
-0.020233,1.1179
0.0038907,0.96613
-0.025819,1.0409
0.040553,0.90628
-0.10747,1.0526
0.081023,0.80284
0.24557,1.0889
-0.19028,0.61347
0.30625,1.14
-0.059973,0.66301
-0.027184,0.80636
0.1803,0.75899
0.073732,0.76231
0.001462,0.75358
0.17351,0.97144
-0.10033,1.1554
-0.066805,1.1333
-0.06871,1.362
-0.10154,1.1661
0.12119,0.80426
-0.00038239,0.89024
-0.049493,0.89958
-0.64119,1.2437
-0.1528,0.67946
-0.20312,0.71334
-0.098752,1.4464
-0.079517,0.68314
-0.15135,1.0964
-0.04195,0.80911
-0.3225,1.031
-0.042083,0.74902
0.006795,1.3303
0.1675,0.97418
0.24632,0.98614
0.05664,1.3983
0.089991,1.2447
0.45303,1.0906
0.28772,0.93698
-0.015896,0.94009
0.24587,1.208
-0.32386,1.2556
0.047232,1.2759
-0.023647,1.036
-0.23209,0.99437
-0.29819,0.87766
-0.0040582,1.1152
0.29876,1.1701
0.29319,1.2142
0.17092,1.3586
-0.18712,1.183
0.13461,0.64189
0.17644,1.1416
0.16894,1.1906
-0.044157,0.73183
0.13482,1.0186
0.043604,0.80913
0.097596,1.0877
0.25422,1.1331
-0.40853,1.1185
-0.1083,1.0529
0.35458,1.1206
0.18656,1.099
0.31103,1.1807
0.20978,1.1151
0.58557,1.1434
-0.26324,0.72322
-0.15838,1.2158
0.22883,0.91597
0.026198,0.94412
0.0713,1.0822
-0.37848,0.82782
-0.18742,0.84881
-0.048943,0.92769
-0.048798,1.1896
-0.15444,1.2109
-0.114,0.80745
-0.14563,1.0594
0.10846,1.1726
-0.41039,1.2014
-0.023601,1.2413
-0.27435,0.84013
0.21387,1.1405
-0.13989,1.0622
0.051738,1.0958
-0.056957,0.95081
-0.05347,0.87405
0.28303,0.88702
0.091336,1.1764
0.11776,0.90356
0.011372,1.0234
0.003438,0.93458
-0.074712,0.88944
0.055867,0.4238
0.15461,1.0672
-0.16325,1.0185
0.24662,0.9908
-0.15958,1.1258
-0.2133,0.37419
-0.0045505,1.2124
-0.2911,0.97164
-0.13469,1.028
-0.062635,1.2302
0.37474,1.6142
-0.001275,0.73446
0.31919,0.9664
0.13117,0.96899
0.029686,0.81079
0.23462,0.92935
0.051174,1.0011
0.18493,0.76454
-0.072478,1.001
0.26688,0.78574
-0.20714,0.98872
0.20914,0.86346
-0.037549,0.84318
-0.0041344,0.94594
-0.033806,0.74122
-0.10494,0.94074
0.13723,1.2655
0.10748,1.0003
-0.2488,1.0991
0.5155,0.79672
0.2418,1.338
0.10336,1.0519
-0.14576,1.2329
-0.44708,0.90119
-0.1289,1.1308
0.19695,0.99156
-0.19337,1.101
-0.062911,1.3833
-0.25779,1.0233
-0.24504,1.4507
0.087953,0.87155
-0.10324,0.7381
-0.0095415,0.8493
-0.070577,0.93143
-0.24848,0.58125
-0.037564,1.1337
0.18102,0.9727
-0.38044,1.0759
0.22136,0.90807
-0.4828,1.0252
0.18989,0.76608
0.15824,1.1244
-0.056806,0.87646
-0.065888,1.1022
-0.15182,1.1821
0.11842,0.96555
-0.17441,1.2427
-0.037743,1.0849
0.027138,0.78564
-0.23364,0.96232
-0.26637,0.77131
0.1967,1.295
0.1694,1.0604
0.098446,0.74521
0.34467,1.0211
-0.22068,0.74815
0.28228,0.94317
0.02839,0.8305
0.019606,1.015
0.35357,0.81612
0.1034,0.94772
-0.063394,0.96266
0.28137,0.97219
0.016651,1.007
0.19952,0.54709
-0.18712,0.84764
0.23923,0.45844
-0.06111,1.2755
-0.012497,0.93378
-0.15323,1.2025
-0.38476,1.006
-0.034204,0.47275
0.18531,1.101
0.18129,1.1846
0.040966,1.0752
0.022991,0.62659
0.040922,0.78046
-0.047348,0.73928
0.054564,0.7614
-0.19742,0.90023
0.54797,1.3054
-0.37921,1.2606
-0.37236,0.84713
0.12711,0.67072
0.28833,0.92766
-0.090928,0.77794
0.29406,1.0748
0.011601,1.158
0.12706,1.2902
-0.063432,0.7963
0.14606,1.0996
-0.095443,1.1129
0.34219,0.78414
-0.24474,1.022
0.020279,0.90892
-0.14695,0.8692
-0.13388,1.0506
-0.10934,0.72686
-0.21974,0.99029
-0.21245,0.56842
0.062019,1.1481
0.13566,0.77391
0.046911,1.298
-0.027366,1.052
0.27197,1.1237
0.11081,1.0881
-0.068417,0.92611
0.099055,1.0309
0.29336,1.1341
0.0066131,1.2566
0.28981,1.4606
0.051087,0.91766
-0.078602,0.7859
0.057476,0.80785
0.24788,0.89841
0.12985,1.2027
-0.13628,1.2299
-0.094305,0.93099
0.086947,1.117
-0.015925,0.85726
0.22959,1.0497
-0.17002,1.1166
0.14356,0.78746
-0.23661,0.84875
0.073372,1.1031
-0.44801,1.0075
0.038416,0.61683
0.016975,1.3266
0.13518,0.6169
-0.21881,0.88433
0.042722,1.1626
0.065681,0.83928
-0.23274,1.0808
0.14542,0.88534
-0.15461,1.1227
0.40667,1.0168
0.088642,1.3662
0.012053,0.98845
-0.24542,0.91936
0.2065,0.84493
-0.38705,1.1252
-0.1007,0.831
0.092812,0.98971
-0.16855,1.1697
0.040473,1.0719
-0.28978,0.6672
0.016407,0.95211
0.27764,0.87683
-0.34788,1.063
-0.30861,0.94611
0.039014,1.5235
0.089177,0.8938
-0.11968,1.272
-0.13549,1.1605
0.019071,0.95032
-0.15283,0.83785
-0.27222,1.1703
-0.014224,1.2429
-0.074087,0.75001
-0.3148,0.84135
0.05382,0.99427
0.17828,0.97292
0.19007,0.97401
0.019933,1.4712
0.27283,1.1303
-0.37656,0.74489
-0.33224,1.0234
0.26652,0.93751
-0.14378,1.0617
0.42814,0.94327
0.16446,1.1972
0.1529,1.1036
0.27363,0.79581
0.12835,0.7492
0.093254,0.69196
-0.021704,1.2458
-0.11794,0.88841
-0.34648,0.96596
-0.25343,1.1883
0.14544,1.3054
-0.018753,0.73372
-0.23023,0.98582
0.019406,0.94039
-0.18474,0.74518
0.15146,0.89517
-0.12889,1.118
0.15251,1.0013
0.053207,1.0049
0.25584,1.3606
-0.31424,1.27
-0.28376,1.3357
-0.31646,1.1351
0.35394,1.2102
-0.23739,1.3184
0.11644,1.0796
0.044403,1.4819
0.24005,1.163
0.40878,0.8508
-0.16318,0.94602
0.35366,0.79768
0.20159,1.1051
0.023273,1.1201
0.00047529,0.91475
-0.090715,0.57085
0.23462,1.0831
0.21093,0.85283
-0.26718,1.129
-0.010657,0.89252
0.21287,1.03
-0.19425,0.89294
0.1019,1.0711
0.41146,1.0402
-0.3129,1.2381
-0.19149,0.95693
-0.070308,1.1381
0.062242,1.0425
-0.059863,0.55209
-0.11182,0.87762
-0.36455,1.0343
-0.40296,0.95228
0.40062,0.72288
-0.33159,1.0361
-0.024822,1.3682
0.089212,1.0899
-0.24035,0.70321
-0.045339,0.83116
-0.0020511,1.0595
0.0044847,0.52349
0.25656,0.84479
0.041243,0.95191
-0.29773,1.1149
0.079099,0.88901
-0.031067,0.87029
0.024477,1.049
-0.37499,1.2974
-0.039961,1.1492
-0.11456,0.86308
-0.084445,1.4196
0.036709,0.77122
0.33417,1.0739
0.1544,0.88804
-0.074879,1.3835
0.31681,0.82426
0.37153,1.2483
-0.27758,0.94193
0.11676,0.71374
-0.040442,1.2437
-0.37079,0.6186
0.27288,1.3888
0.13696,0.81441
0.057917,1.0013
-0.18887,1.0535
-0.078317,1.1285
0.094339,0.97035
-0.18974,1.0268
-0.14535,1.3207
-0.12152,1.2991
0.077025,0.91908
0.12234,0.91183
0.13253,0.88605
-0.1897,0.96256
0.40854,1.2552
-0.39088,1.0964
0.26009,0.98521
-0.12478,0.86228
-0.39904,0.91926
0.20695,0.9979
0.23228,1.2767
0.087116,0.88462
0.22548,1.3734
-0.06854,1.103
-0.23284,1.0937
-0.013863,1.3721
-0.0048971,0.98401
-0.028393,1.0107
0.017047,0.76548
0.17581,0.92346
0.11041,0.98232
0.03915,0.94987
0.15418,0.86949
-0.013332,1.0439
0.41658,0.94637
-0.077558,0.94624
0.086614,0.76122
0.14889,1.0994
0.017736,1.3074
0.087963,1.1312
-0.3143,1.2659
0.055461,1.5467
0.11996,1.1609
-0.060105,1.1852
0.01939,1.0952
-0.22039,1.1113
-0.041539,1.1287
0.25425,1.0958
-0.16606,0.65301
-0.44815,1.1804
0.0098433,1.1697
-0.163,1.0186
-0.053312,1.0521
0.022964,1.1694
0.17045,0.95644
0.097207,1.1509
-0.12259,1.1893
0.2304,0.82957
0.17871,1.083
-0.074752,0.83393
-0.032662,1.1523
0.13251,0.95998
0.23364,1.0726
0.064321,1.1367
-0.28738,0.76968
-0.18644,1.2737
0.010853,1.0368
-0.14731,0.93643
-0.35573,0.80474
-0.04585,1.0796
0.051578,1.0487
-0.036822,1.0647
0.20422,1.0002
0.067621,0.78446
0.034251,0.76067
-0.039916,1.3412
0.060023,1.2435
-0.10716,0.7791
-0.017041,0.78684
-0.23084,0.66836
0.27215,0.89573
-0.27128,1.1636
-0.16186,1.1747
0.060528,1.0549
-0.12219,0.8328
0.24716,0.95769
0.22783,1.279
0.012726,0.86271
0.2124,1.4461
-0.027589,0.6433
-0.042685,1.094
0.17471,1.1846
0.14878,0.78881
0.145,0.89753
0.17481,1.1683
0.14779,1.3435
0.094839,1.2432
-0.36631,0.8985
-0.28509,0.97769
-0.035941,0.92591
-0.19871,0.98476
-0.24368,0.98394
0.19956,1.0133
-0.040861,1.0323
0.070028,0.79333
0.08621,0.75563
0.12039,0.95227
-0.21527,1.0723
0.0057983,0.5005
-0.076301,1.2817
-0.087107,1.0246
-0.37899,0.96352
0.030605,0.98075
0.34655,0.86122
0.15517,1.0913
-0.48906,1.1944
0.035696,0.89269
-0.23475,0.97381
0.13222,1.3077
-0.19676,1.13
-0.13849,1.1915
0.02627,0.94056
0.15493,1.1559
-0.089732,0.97698
0.20494,1.0903
0.42625,1.1585
-0.37846,1.1396
0.033726,1.1367
-0.011747,1.0623
-0.18903,1.0432
-0.014676,1.3498
-0.31395,1.1699
0.12383,0.75178
-0.013491,1.1089
-0.11558,0.8117
-0.25952,0.84243
0.088202,1.1152
0.14001,1.1952
-0.12378,0.88509
-0.16108,0.84362
-0.25199,1.0546
-0.092948,1.4416
0.17019,0.87847
-0.15559,1.2777
-0.13926,1.348
-0.036558,0.95238
-0.087482,0.95345
-0.38343,0.88258
0.056129,1.2063
0.20858,0.80148
0.34195,1.0041
-0.161,1.0902
0.48276,1.0014
-0.028353,0.75671
-0.050751,0.87942
-0.17374,1.2976
0.28685,1.0708
-0.26441,0.94854
-0.05614,0.98636
-0.033902,0.96129
-0.13356,0.95044
-0.30739,1.5042
0.016602,1.1807
0.29797,0.8547
-0.25133,0.89889
0.0066617,1.2375
-0.36757,1.1871
-0.0079205,1.0668
0.3453,0.53197
-0.15889,0.96347
-0.0061851,1.2477
0.12044,0.97796
0.34228,1.2197
-0.046765,0.89591
-0.074241,1.2594
0.0068978,0.96018
0.17278,0.9207
0.041062,1.0536
-0.13761,0.86888
0.084619,0.90326
0.18764,0.83282
-0.041732,1.1285
-0.2496,0.84805
-0.46216,0.79357
-0.22157,1.1753
-0.30851,1.2942
-0.15804,1.1438
0.074852,1.1671
-0.54226,1.1621
-0.17681,1.3236
-0.062406,0.94228
-0.30534,1.027
0.42233,1.0457
-0.079611,0.76943
-0.12664,0.8565
0.34333,0.83004
-0.16492,0.84037
0.14435,1.0477
-0.14431,0.75518
-0.12414,0.66977
0.24169,0.98757
0.097592,1.3369
0.20206,1.0993
-0.20995,1.0721
0.12722,1.03
0.19864,1.2346
0.14288,1.064
0.19178,0.81042
0.011064,0.71034
0.26175,1.091
-0.2508,0.95819
-0.51813,0.91544
-0.12456,1.4503
-0.0033597,0.99213
-0.066555,1.0584
-0.2856,1.1346
-0.021982,0.98017
-0.035366,0.78577
0.017558,1.1078
-0.29748,1.2818
0.121,0.7521
0.0029286,1.1306
0.075493,0.90465
-0.38633,0.95399
-0.072193,1.3408
0.034586,0.68007
-0.0098536,1.1129
0.11913,0.97283
0.13548,0.87246
0.32069,0.65566
-0.47836,1.2467
0.11239,1.2595
-0.086963,1.0769
0.048457,1.1199
0.23833,0.99943
-0.090387,0.86061
-0.2233,1.3563
-0.026108,0.70829
-0.19587,1.3889
-0.18041,1.0142
-0.068472,0.87389
0.80181,0.11663
1.1574,-0.034584
1.0265,-0.53536
0.95204,-0.068359
0.79117,-0.012494
0.82936,-0.091319
0.80623,0.11893
0.82937,0.30959
0.84752,0.46041
1.1533,-0.42482
1.2161,-0.017576
1.0874,0.10129
1.2257,0.14118
0.85054,0.55622
1.3502,0.16952
0.95853,0.21699
1.3761,-0.11245
1.0678,-0.033196
1.118,0.27776
1.2502,-0.20666
1.0334,0.54857
0.85997,-0.35281
0.7994,-0.29296
0.83278,0.16377
1.0514,-0.22089
0.60958,0.22256
0.65537,0.058942
0.6055,0.18193
1.6336,-0.43948
1.0769,-0.16688
1.1522,0.18677
0.88428,-0.52098
1.0697,-0.13991
0.66729,-0.042474
0.95555,0.08506
1.0918,-0.10788
1.0355,0.18911
0.66659,0.26605
1.0416,0.074405
1.0281,0.21708
1.2381,-0.033071
1.0164,0.32623
0.88177,0.22966
1.4265,0.086502
1.1457,0.25069
1.1362,0.24463
0.89801,-0.2563
0.81832,-0.0084239
0.90399,0.49513
0.96031,-0.12006
0.86813,0.18313
1.2933,-0.047238
0.83632,0.050378
1.3733,-0.36986
1.1267,-0.096778
0.78864,0.2919
1.3945,0.13614
0.76497,-0.052006
0.97253,0.057998
1.1041,-0.25776
1.0876,-0.45911
0.90384,0.23137
0.75378,-0.25193
0.92394,0.1193
0.88608,0.23425
0.93561,-0.16857
0.9673,0.19033
0.97877,-0.16364
0.96158,0.073081
1.5488,-0.2465
0.96024,0.15752
1.0062,0.15113
1.3787,-0.58288
0.93781,-0.20886
0.96999,-0.09725
1.1648,-0.5129
1.2756,-0.81743
1.0162,-0.0017336
0.91702,0.10421
1.205,-0.13182
1.0605,0.28734
0.67286,-0.55673
0.82634,0.1567
1.0207,0.31211
0.68575,0.11161
1.1133,-0.18838
1.2879,0.15092
1.0294,0.035055
1.2451,0.016624
1.3041,-0.058878
0.91924,0.27022
0.94285,-0.38062
1.5103,0.19379
0.5827,-0.16414
1.1593,-0.31219
1.0446,0.19582
1.5528,0.11919
1.0919,-0.11971
0.78751,-0.050401
0.98202,0.2898
1.0865,0.080319
1.3071,-0.15821
0.84235,0.097781
0.84245,0.16648
1.0056,-0.0054179
1.0769,0.28124
0.87082,-0.36888
1.128,0.11998
1.0565,-0.23883
0.67009,-0.42361
0.7577,0.081106
0.89585,0.075913
0.76794,0.1527
1.1259,-0.29301
0.78849,-0.29118
0.72606,0.27509
1.218,-0.16866
1.04,0.34214
0.97396,0.14187
0.79949,0.098007
0.87789,0.080815
1.0575,0.026216
0.91203,0.20932
1.0158,-0.17207
1.0415,0.039004
0.54752,0.14069
1.1511,0.0078209
1.2833,0.070128
1.0525,0.37467
0.9936,0.093837
0.83972,-0.052868
1.0534,0.39008
0.76922,-0.080434
1.3653,0.43911
1.0344,-0.2852
1.387,0.11492
0.92731,-0.13109
0.9205,0.44417
0.9261,-0.085475
1.156,-0.24346
1.0321,0.1246
0.87364,-0.05122
0.80423,-0.10724
1.1692,0.073847
1.2722,0.0567
1.2024,0.023488
1.0768,-0.4432
1.1083,0.018056
1.1285,-0.52056
0.73748,0.12347
1.1342,0.041285
1.0697,-0.045927
0.84052,-0.24971
1.0758,-0.2395
0.90594,-0.43645
1.2316,-0.35738
0.88888,0.18906
0.93127,0.083167
0.86966,-0.36105
0.29148,-0.005314
1.1403,-0.15055
0.98191,-0.1831
0.96366,-0.091681
1.1151,-0.093383
0.694,-0.20636
0.86873,-0.090979
1.2198,0.38433
1.0169,0.10219
0.68409,0.033201
0.68384,-0.040572
0.84597,0.20421
1.1509,-0.2079
1.0125,0.23704
1.3537,0.43206
0.95652,0.065864
0.97012,-0.21173
0.85685,0.23117
1.0645,0.40779
0.7528,0.056791
1.2871,-0.41217
1.2709,-0.24975
0.84103,0.73242
0.80924,-0.21963
1.4244,0.068321
0.84305,-0.31098
0.8235,0.30862
0.78937,0.093281
1.4168,-0.15867
0.88395,0.2283
1.1876,0.4905
0.81323,0.084417
0.94799,-0.027544
0.71508,0.75651
0.81284,0.24259
0.85453,-0.44536
0.82442,0.094578
0.50903,0.50115
0.93657,0.06708
0.97514,0.13903
1.0633,0.2433
0.68021,-0.10367
1.2739,-0.24847
1.1636,0.020824
0.83823,-0.066739
1.0031,0.080346
0.78117,0.24688
1.1879,0.19989
1.3965,-0.058318
1.6353,0.057091
1.001,-0.022619
0.56652,-0.13613
0.96308,-0.049569
1.3075,0.15236
0.98124,-0.017512
0.84727,-0.023484
1.3223,-0.32776
1.155,-0.26723
1.0279,-0.21232
0.94572,-0.02647
0.69665,0.36348
0.7988,0.10821
1.0905,-0.10093
1.4639,-0.027748
0.97157,-0.17527
0.85668,0.27494
1.3901,-0.41519
1.2445,-0.11063
0.77045,0.099798
0.97272,-0.087931
1.0077,-0.17451
0.98037,-0.063498
0.97301,-0.055077
1.2773,0.26658
0.80822,0.43927
1.3909,0.071709
0.84527,-0.055314
0.85664,0.17852
0.8348,0.32191
0.77066,0.068747
0.752,0.022665
0.84633,-0.11465
1.1767,0.085587
1.0461,0.12257
0.74129,0.14813
1.2741,-0.18435
0.86988,-0.40919
0.96503,0.037978
0.73357,-0.32399
0.81555,0.046281
0.81161,0.12888
0.60613,-0.082287
0.92117,-0.22634
0.858,-0.32887
0.54171,0.077748
0.80185,-0.48047
1.1877,0.26123
0.88144,0.12764
0.68849,0.20546
0.99835,0.32528
1.318,0.21046
0.93775,-0.05017
1.1101,0.03738
0.9676,-0.19812
0.97814,-0.20739
1.0913,0.17841
1.05,-0.025663
1.284,-0.12055
1.0388,0.082759
0.74834,0.15251
0.871,-0.15044
1.311,0.01171
1.0093,0.2496
1.2611,0.015763
0.97016,0.027703
1.0615,-0.097386
1.0022,-0.037901
1.0783,0.19055
0.88077,-0.23392
1.4119,0.16472
0.8098,0.10005
1.3876,-0.29367
1.2757,0.5453
0.84546,0.15433
0.75575,0.31496
1.2872,-0.057727
0.97487,-0.35519
1.1188,0.29761
1.1458,0.24477
0.88151,-0.46483
0.90053,-0.07815
1.2285,-0.22433
0.91106,-0.059064
0.65832,0.040037
1.0723,-0.043026
0.7672,0.24916
1.0536,0.21756
1.519,0.22529
1.0906,-0.16747
0.63021,0.070832
0.65569,0.34987
1.0363,0.15954
0.73545,-0.026867
0.68543,-0.00050095
1.204,-0.054297
0.68001,-0.0084704
1.3871,0.12318
0.65612,0.10819
0.88398,0.080276
1.2697,-0.017201
0.61916,-0.14853
0.68523,-0.046937
0.6618,-0.37869
0.8427,0.23707
1.2233,0.054533
1.1672,0.33135
1.3817,-0.12496
0.91751,-0.3663
1.1518,0.23369
0.74399,0.45684
1.5506,-0.065372
0.88969,0.31288
0.62995,0.21179
1.0469,-0.41059
1.01,0.25765
1.0955,0.00072899
0.83515,-0.10445
0.85952,0.065551
0.59691,-0.27615
0.8383,0.55528
0.85262,-0.046328
0.90716,0.059666
1.2548,0.15281
1.1226,-0.56792
1.0856,0.20929
1.3584,-0.21121
1.0348,0.017069
0.87209,0.1395
0.6231,0.29543
0.5422,-0.095439
1.0938,0.071058
1.104,-0.011497
1.0984,0.20363
1.4352,-0.13935
1.0953,-0.0065292
0.99653,0.16923
0.98151,-0.029371
1.0577,-0.22335
1.2694,-0.26833
0.83999,0.098837
0.79481,-0.11234
0.82526,-0.31052
0.83146,-0.014913
0.96592,-0.43881
1.1882,0.1235
0.84047,-0.0104
1.0924,-0.11725
0.79667,0.12842
0.87445,0.25206
0.97535,-0.35081
1.056,-0.23297
0.64227,-0.13133
0.86259,0.08561
1.0127,-0.36438
0.88315,-0.053524
0.84755,-0.067871
1.3035,0.054304
1.1747,-0.02759
1.2401,-0.18907
0.80095,-0.023656
0.97987,0.027561
0.91944,0.066766
1.1109,-0.3308
0.72845,0.10236
0.66619,0.24562
0.87754,0.37492
1.1082,0.012167
0.84491,-0.23885
0.68745,0.34971
1.1814,-0.16252
0.999,0.25085
1.1461,-0.016458
0.51919,-0.069131
1.3346,0.074204
1.0661,-0.54442
1.101,0.0022299
0.94134,-0.12775
1.1222,-0.09919
1.5154,-0.18353
0.63744,-0.1255
0.91672,0.054521
0.70241,0.37704
1.0309,-0.15787
0.88769,-0.13432
0.8266,-0.12459
0.71431,-0.042964
1.2169,0.29496
1.2199,-0.31214
1.0543,-0.16324
0.97957,-0.011601
1.2121,0.32681
1.6204,0.19506
0.80571,-0.20524
0.96148,-0.38345
1.0505,-0.31794
0.5909,-0.050025
1.1637,0.38334
0.77023,-0.21578
1.1473,0.037078
0.80956,0.040257
1.0216,-0.048328
0.53265,0.0047419
0.91835,0.37035
0.69183,-0.12457
0.98996,-0.27492
1.1529,0.012645
1.2885,-0.16515
0.68871,0.0094505
0.76457,-0.011325
0.59757,0.14647
0.7749,0.030988
0.97951,0.3315
1.0018,-0.33846
1.1951,0.1669
1.3761,-0.1644
0.72604,0.077341
1.1038,0.07851
0.90069,0.13275
0.95121,-0.14646
0.74506,-0.74413
0.96713,0.031523
0.90436,0.23465
1.1121,-0.072669
0.65078,0.051853
1.1213,0.12661
1.1897,-0.075425
1.283,-0.069348
1.3308,0.064002
1.0178,-0.35616
1.0372,0.14002
1.1856,0.13461
0.93003,-0.18422
1.1842,0.20095
0.65506,0.19687
1.5331,-0.11492
1.5026,0.33443
0.8738,0.13538
0.72806,-0.33961
1.2012,-0.063101
0.72499,-0.0088459
1.1562,-0.48377
1.0021,-0.066872
1.16,-0.054187
0.76649,-0.25043
0.88663,0.067978
0.90933,0.056063
1.1376,-0.18249
1.4329,-0.13584
1.1011,-0.10231
1.2395,-0.0018364
0.83563,-0.17832
1.3133,-0.037909
0.96718,0.06502
1.2424,-0.21376
1.1226,0.60915
1.0214,-0.0637
0.59552,-0.11404
1.1902,-0.073936
1.1894,0.23678
0.69848,0.29967
1.3514,0.11404
0.93314,0.19216
1.3095,-0.12823
0.8266,0.07995
1.2026,-0.27255
0.79242,-0.40488
0.62573,0.20506
1.078,-0.059516
1.294,-0.12536
1.1759,-0.10248
1.3185,0.20378
1.0088,-0.38778
0.78288,-0.12622
0.79853,-0.11642
0.77632,0.18899
0.90884,-0.12441
1.4407,0.49828
1.0836,-0.0035219
1.1534,0.19271
0.50524,0.21685
1.4962,-0.34139
0.5164,0.15757
0.5189,0.14766
0.97753,-0.087252
0.67524,-0.12717
1.1135,-0.24636
1.2109,0.1833
0.99504,-0.15354
0.97914,0.21287
1.0802,-0.18397
1.7469,0.26094
0.63629,-0.0013803
0.92813,0.32659
0.72701,-0.15516
1.1456,0.13074
1.1536,0.061471
0.83571,0.25222
0.65211,-0.0086805
0.93895,-0.24814
1.5158,0.11172
0.96637,0.23261
0.74042,-0.0093594
1.3362,-0.13752
1.3155,-0.073255
1.0845,0.23268
0.66619,-0.24641
1.0445,0.014718
1.1332,0.12003
1.3715,0.15532
1.1294,0.33208
0.92273,0.044986
1.1356,-0.20309
0.7831,0.28512
1.189,0.045962
0.68085,-0.056498
0.87074,0.18957
1.2534,-0.39897
0.81034,-0.053427
0.63734,-0.099823
0.75109,-0.01366
1.3871,0.039884
0.77035,-0.11951
0.93217,-0.065902
0.95376,0.056766
1.1796,0.4307
1.2925,-0.17019
0.77253,-0.10914
1.2651,0.07614
1.1749,0.023954
0.8717,0.26307
0.9233,-0.52625
0.70939,-0.1596
0.91586,0.0039399
0.92787,-0.10683
0.81272,-0.23746
0.65693,0.10624
1.2663,0.38785
0.68861,0.075539
0.74028,-0.057048
0.76498,0.14618
1.0964,-0.22545
1.0451,0.043655
1.0003,-0.12792
1.1366,0.25177
1.0648,-0.54382
1.4117,0.055352
0.75879,-0.10668
0.78737,-0.047778
1.0359,0.28103
0.76696,-0.33941
0.86518,-0.05749
0.92773,0.1207
1.1977,0.15761
1.2736,-0.21245
1.11,-0.078999
0.64862,0.080418
0.96646,-0.047485
0.93172,0.49912
0.97035,-0.29183
0.27864,0.067025
1.0086,0.45642
1.1049,0.11838
0.44103,-0.052173
1.196,-0.10241
1.1023,0.10974
0.83262,-0.25357
1.059,-0.02749
0.50972,0.02206
1.1192,0.066697
1.0099,0.06215
1.1524,0.026384
1.2308,-0.042321
0.87014,-0.039269
0.95148,0.3025
1.4001,0.00806
1.1795,-0.12025
1.1913,-0.30373
1.2096,-0.070278
0.7796,0.13268
1.4929,0.096045
1.0808,-0.26668
1.1533,0.31836
0.76198,-0.13259
1.1546,0.13467
0.64161,-0.15204
0.91244,0.1675
0.91916,0.35726
1.2833,0.15257
0.88336,-0.019047
1.2643,-0.055073
1.1222,-0.060299
0.96871,-0.34795
0.94348,0.30428
0.67499,-0.2874
1.171,-0.17033
0.78702,-0.036274
1.0798,0.028119
0.98002,0.2155
0.82277,0.14247
1.1786,-0.020252
1.1738,0.32025
1.3288,-0.0011938
1.2,0.16574
0.6195,0.12636
0.78344,0.16822
0.76919,-0.13055
1.1662,0.42373
1.0379,-0.10213
1.0794,-0.43289
1.0694,0.18605
1.1032,0.32086
0.81034,-0.055028
1.1886,-0.35975
1.1141,0.080148
1.3212,0.058921
1.051,-0.035405
1.0086,-0.37548
1.0684,-0.0087558
0.77743,0.064608
1.1328,0.074899
1.2167,0.10299
1.3869,0.12699
1.0048,-0.088608
0.90816,0.042683
1.0325,-0.26913
0.94463,-0.14893
0.97686,-0.10146
1.1099,-0.036431
1.0271,-0.041137
0.48217,-0.029113
0.88444,-0.31062
1.3199,-0.10912
0.59309,-0.015724
1.197,-0.10761
0.99029,0.039232
0.76819,0.7021
0.78356,-0.023682
0.89806,0.028927
0.82167,0.30272
1.1603,-0.27946
0.93367,-0.056732
0.95142,-0.34853
1.5077,-0.0038354
1.1295,0.20165
1.0153,0.12989
0.9801,-0.43766
1.243,-0.25975
0.82815,-0.26338
1.0334,-0.277
1.0536,0.23729
0.64202,-0.13003
0.89736,0.13074
0.97188,0.077926
1.0836,0.030416
0.97207,0.25436
0.91939,0.0026114
1.2416,-0.052116
0.51947,-0.0083844
1.1892,0.092722
1.3718,-0.18917
0.93765,0.26562
1.4492,0.023305
0.94407,-0.44807
1.1147,0.12982
0.94689,0.24864
1.2032,-0.017659
0.65583,0.0099825
0.43258,-0.10239
1.294,-0.1105
1.118,-0.1273
1.1052,0.13653
1.183,-0.10956
0.58366,-0.34398
1.1497,0.10453
0.9162,0.20378
0.90464,0.1368
1.1579,0.046734
0.869,-0.032975
1.1306,0.41727
1.1148,-0.27762
0.71044,-0.38123
1.4468,-0.13522
1.0474,0.16072
0.99432,-0.11944
0.89454,-0.42456
1.1013,0.077407
1.0777,-0.18277
1.3016,-0.18391
1.25,-0.097754
1.4191,0.17637
0.77871,-0.28042
0.88237,-0.14175
0.89694,0.084699
1.1783,-0.70562
0.81454,-0.019819
1.171,0.37502
1.0777,-0.27682
0.85679,0.11239
0.78211,0.063187
0.62786,0.19284
1.0886,-0.13338
1.4683,0.191
0.92789,0.16833
0.98993,0.00078567
0.67935,-0.11531
0.67291,-0.22862
1.1826,0.2231
0.57294,0.017412
1.0816,0.108
0.85625,0.42316
1.1974,-0.34653
1.4713,-0.29563
1.074,-0.12907
0.84394,0.25178
1.0222,-0.26245
0.82733,-0.22527
0.68563,0.024463
1.0166,-0.13845
0.62222,0.082184
0.80688,-0.051693
0.70226,-0.46823
0.7533,0.31624
1.4097,-0.039583
0.90332,-0.097534
0.82769,0.091109
0.9798,0.026118
1.0071,0.34847
0.89533,0.15035
1.3563,0.26823
1.2349,-0.44651
0.5859,-0.040749
0.54053,-0.26519
0.706,-0.28245
0.97036,0.41675
1.1749,-0.40709
0.96689,-0.4805
1.0174,0.051378
0.73796,-0.20592
0.94016,-0.28654
1.077,0.26461
0.68176,0.027249
0.75218,0.98139
0.84812,0.93281
0.67028,1.1598
0.82794,0.46499
1.4932,1.1476
1.6993,1.075
0.61136,1.3874
1.4043,1.0767
1.1257,1.2007
0.88691,0.77494
0.95055,0.85003
0.51071,1.085
0.75971,1.1633
1.5397,0.88782
1.144,1.2559
0.92597,0.96077
0.82326,0.80076
1.0492,1.0434
1.1957,1.0819
0.67801,0.54413
1.3803,1.1553
1.0389,0.72432
1.0246,0.98808
1.1564,1.19
0.93897,0.78439
1.0736,0.7442
1.3566,1.0362
0.73452,0.95242
1.0832,0.97669
1.1527,1.4105
0.94088,0.78433
0.98802,1.406
0.58438,0.51225
0.64368,1.0492
1.3226,1.144
1.3273,0.90655
1.6581,1.1477
1.1386,0.99309
0.50504,1.0342
0.92807,0.61305
0.71995,1.0333
0.87832,0.75251
1.0151,1.0692
1.2997,1.1946
0.58512,0.58607
1.1595,1.2026
0.93619,0.75722
1.1298,1.2085
0.75752,0.87185
1.1687,1.2322
1.111,1.2618
1.0703,0.75226
0.8755,0.82976
1.2244,0.87827
1.4906,0.88312
0.67813,1.4926
0.76715,0.80873
1.1818,1.1191
1.3474,0.94859
0.5392,1.4225
0.72144,1.0128
1.254,1.2233
1.0171,0.83917
0.91878,1.0039
1.038,1.034
0.91871,0.81046
0.90504,0.59561
1.1492,0.59018
1.0154,1.0506
1.0588,1.1715
0.87412,0.85861
1.1102,0.79832
1.0675,0.93616
0.8681,1.0723
0.73973,0.97072
0.91639,0.86742
0.99419,1.2157
1.0395,1.2044
0.85343,0.84951
0.88998,0.28425
1.1758,1.0413
0.99662,1.0585
1.2831,0.82275
1.2964,1.3919
1.2306,0.98386
0.70273,0.74673
0.81762,1.5295
0.99573,1.1831
0.52922,1.2864
1.2001,0.93333
1.1588,0.95705
1.0732,1.0668
1.4246,0.97301
0.90979,0.91285
1.2431,1.0107
0.86289,1.0746
1.3071,1.0206
1.1847,1.4259
0.799,0.426
1.04,0.61254
1.0769,1.3085
1.1135,0.95626
1.3101,1.2734
1.0303,1.3508
1.3249,1.2773
1.1968,1.2162
0.74174,0.87567
1.2006,0.64357
1.2982,1.3999
0.99724,1.1012
1.0696,0.67998
1.0484,0.84032
1.3684,0.96708
1.2335,0.81402
0.95162,1.0062
0.41832,1.1768
1.323,1.1493
1.2691,1.4022
0.84113,1.0459
0.79945,1.1444
0.82935,0.54008
1.3395,1.3416
0.96109,0.90338
0.9842,1.3679
0.80221,0.55547
1.1877,1.1615
0.96985,1.0315
1.2314,1.1014
0.44497,1.0882
1.5828,1.3408
0.99787,0.76001
1.2825,0.71443
1.1817,0.85962
0.84202,1.1455
1.0733,0.73122
1.0803,1.1372
0.76376,0.87482
0.77276,1.2858
1.0216,1.0052
0.37795,0.91807
0.8147,0.90899
1.1366,0.99394
0.7858,0.79754
1.0982,0.86696
0.68013,0.68265
1.2014,0.71307
1.3708,1.3687
1.4165,0.78891
0.79257,1.2825
0.58543,0.65117
1.5183,1.5321
0.93766,1.1471
0.76664,0.91274
0.99049,0.61759
0.87522,1.4068
0.56095,1.3362
1.0333,0.9768
0.98187,1.3444
1.1844,0.873
0.48388,1.0768
0.75488,1.364
0.7115,1.2592
1.112,0.58848
0.63697,1.237
1.1448,0.86631
0.6226,1.2242
0.72537,1.2598
0.95494,0.89534
1.0689,0.76194
1.084,0.31321
0.92453,1.1562
1.0345,1.0165
0.99174,1.0231
0.71453,0.6169
1.3966,1.2845
0.99594,0.98722
1.3042,0.77813
1.0332,1.3173
1.0594,1.23
0.58333,1.0467
0.87711,1.0102
0.76782,1.1274
1.1761,1.1127
1.0224,1.3115
0.99395,1.0132
1.2795,1.0962
0.73599,0.9062
0.93356,1.1114
1.2198,0.84341
1.1216,1.081
0.57934,1.0235
1.0461,0.79779
0.87285,0.97716
0.99647,1.0397
0.90793,0.92381
1.2562,1.0806
1.1966,0.88437
0.85293,1.1559
1.2844,1.2999
0.57026,1.0769
1.2122,1.1692
1.0624,0.99694
1.2133,0.9936
1.2134,0.90577
1.0886,1.0025
1.1213,0.9695
1.1785,0.87675
0.98972,0.98395
0.78628,1.1862
0.83096,1.0731
1.2817,1.2523
1.0095,0.96565
1.3483,0.7648
0.99953,1.2065
0.85777,1.031
1.3354,0.95461
0.86536,0.9626
1.0491,0.97954
0.86337,0.79823
1.2237,1.3314
1.0173,0.71676
0.39409,0.77916
1.4136,0.99256
1.2325,1.156
0.75916,1.4294
1.2693,1.3118
0.93979,1.4225
1.0613,1.3712
0.49423,0.86811
1.0093,0.86383
1.2124,1.1418
0.88593,0.89705
0.7392,0.69312
1.2559,1.4014
0.97365,0.75512
1.1455,1.3397
0.76272,1.1787
1.2233,0.65546
0.49574,1.292
0.76385,0.87025
0.94605,1.1177
1.0584,1.2938
0.87536,0.98909
1.0906,1.3428
0.92529,0.9815
0.62598,0.96518
0.88905,0.98628
0.99333,1.4215
0.7563,1.0859
1.2078,0.8646
0.74597,0.52633
0.96197,0.52452
0.93128,0.67023
1.0852,0.88498
1.3241,1.0209
0.79631,1.2769
1.165,0.80971
1.0164,0.48522
0.95697,1.0004
1.1818,0.87453
1.1369,1.3221
0.93709,0.89078
1.4829,1.3012
1.2183,1.2098
0.54795,1.0841
1.0391,1.3918
1.0441,1.1442
1.0545,0.78976
1.0456,1.2392
1.1078,1.2795
1.151,1.1392
1.095,0.82381
0.78764,0.73164
1.0593,0.84319
0.71588,1.095
1.095,0.39892
0.95986,1.1969
1.1101,1.2137
1.086,1.2862
0.70649,1.065
1.5133,0.9927
0.98992,0.86381
1.1396,0.83244
0.92125,1.2639
0.75629,1.2156
1.3448,0.99368
1.1261,1.0199
0.74982,1.2387
1.657,0.97211
1.0233,1.1179
0.96424,1.0042
0.98884,1.0616
0.90061,1.4893
1.4622,0.68183
0.99412,1.166
0.65971,0.97018
0.93787,0.78882
1.0246,1.2354
1.0514,1.1449
0.83582,0.54615
0.67413,0.74159
0.93624,0.97262
0.99402,0.6718
1.2373,0.76972
0.64073,0.90271
0.63697,1.5676
1.124,1.1192
0.66537,1.0586
1.1802,1.1422
1.1353,1.3118
0.28116,0.98546
0.52818,0.87452
1.4119,1.26
1.204,1.0154
0.8472,0.98654
0.92165,0.87911
1.1292,1.2082
0.70866,0.99613
1.1888,0.89195
0.62468,0.73018
0.71221,0.83385
0.85513,0.92699
0.7255,1.147
1.3525,0.93259
1.1339,1.0657
1.416,0.88399
1.0705,1.1209
1.0366,1.1875
1.4104,1.12
1.5636,1.0524
0.98376,0.7746
0.65301,1.1264
0.62947,1.0354
1.3431,1.3127
1.0498,0.78005
1.7113,1.3088
0.92662,1.0571
0.88187,1.1381
0.52812,0.88443
1.1409,1.1168
0.97027,1.0794
1.0677,1.1499
1.8297,0.7024
1.334,1.391
0.86731,1.0673
1.1034,0.72091
1.2681,0.82713
1.008,0.72108
1.0573,0.98336
1.1099,1.0355
1.0837,1.1712
1.0363,1.535
1.1187,0.64731
1.4271,1.4292
0.57074,1.2785
0.29431,0.97991
1.5826,0.89772
1.1225,0.93498
0.83002,1.3045
1.111,0.86214
0.98618,0.90244
0.62953,0.9642
1.4812,0.73
1.26,1.0984
1.1286,1.2576
1.4625,0.7952
1.0477,0.86562
0.99669,1.8155
1.1265,0.90244
0.8287,0.98314
0.83352,0.79065
0.72537,1.202
0.67979,1.4587
1.1087,1.5233
1.6199,0.85763
0.90165,1.0343
1.1089,1.1178
1.1508,0.96817
1.3132,0.61391
1.1326,1.1048
1.0971,0.94263
0.73334,1.0802
0.8296,1.4263
1.4216,1.0158
0.78633,0.82825
1.1872,1.5226
0.89513,0.57629
1.3302,1.3411
0.97427,1.3698
0.85696,1.0976
0.86286,0.95066
0.73747,0.90183
0.45059,1.2697
0.75939,0.885
0.63686,1.1099
1.1283,1.4431
1.3391,1.4038
1.3509,0.83277
1.0887,1.4648
1.0647,0.8958
0.78909,1.2341
0.44228,1.2192
1.2392,1.1873
1.0947,0.84292
1.1495,0.93024
0.86672,0.66408
1.167,1.0394
1.1578,1.3573
0.95756,0.68225
0.76872,1.2993
1.0913,1.0317
0.98425,1.2674
1.167,1.0188
0.84527,1.0747
0.92822,0.7416
1.0953,1.1161
0.5563,1.0252
1.1572,0.98852
1.1773,1.2113
0.51634,1.0488
1.4915,0.93764
0.51258,0.59764
1.1649,0.83228
1.1106,1.0037
1.0469,0.89418
0.67045,1.2225
0.74244,0.72213
1.043,0.81326
1.4386,1.0089
0.91781,0.90678
0.97959,1.1491
0.81113,1.2571
1.3911,0.87024
0.69794,0.87833
1.2456,1.2775
1.0168,0.6083
1.1982,0.77344
1.0925,1.1614
0.94802,1.0831
1.1119,1.0803
0.66078,0.92772
0.96493,1.116
1.0785,1.362
0.63638,0.91021
1.2434,0.97055
0.88678,1.1151
1.0565,0.94815
1.1154,0.93815
1.1321,1.2878
0.91891,1.224
0.89134,0.89844
1.2465,1.3065
1.5118,1.3032
0.88033,0.91232
0.63083,0.68235
0.96693,0.68252
0.60961,1.0891
0.76211,1.3937
0.87083,1.1455
1.3649,1.062
0.93532,1.173
1.0133,1.1156
0.72734,1.3863
0.94302,1.1114
0.99797,0.70745
1.2638,1.1331
1.0326,0.91324
1.1517,1.2074
1.0761,0.79662
0.79124,0.78152
0.97957,0.95611
1.1361,1.0271
1.4588,1.0594
1.1451,1.7428
0.98703,0.4741
1.2222,0.41805
1.2099,0.87841
1.0293,0.96372
0.62988,1.0158
0.96107,0.98787
0.66409,1.0276
1.3192,0.65511
1.2599,0.72665
0.31834,0.89912
1.0036,1.3193
0.91226,1.0282
0.86303,0.74146
1.3474,0.88271
1.4776,0.63671
0.88682,0.85583
1.1337,0.88153
0.84646,0.91713
0.80197,0.9142
1.2973,1.2314
1.2422,0.93957
1.0024,1.0905
0.76839,0.85259
0.58067,1.1796
0.71931,0.87289
1.1427,0.769
1.1701,0.90878
1.0578,0.70421
1.0814,1.3647
0.66653,1.4521
1.6318,1.0097
0.36945,0.80878
1.1325,0.94794
0.83472,0.84019
1.5506,1.4389
0.967,1.0358
0.48864,1.0416
1.1702,0.57792
0.82199,0.83268
0.41508,0.69498
0.95131,0.7769
1.4543,0.92504
1.4011,0.87661
0.98049,1.0285
1.1342,0.59495
1.1203,1.1559
0.74958,0.92012
0.74391,1.2145
0.57538,1.1104
1.5132,0.91777
1.2142,1.4354
0.89252,1.1884
0.8556,0.78002
0.88014,1.0794
1.2203,1.4901
0.77317,0.94929
1.1787,0.7508
0.61407,0.84864
0.85532,0.85071
1.0518,1.1922
1.0133,1.8509
0.88976,1.2969
0.86898,0.7274
1.1419,0.89613
0.89204,1.1142
1.2459,0.93602
1.0753,0.6815
1.2785,0.81832
1.0681,1.1137
1.273,1.1755
0.74881,0.91352
1.5096,0.85378
1.0292,1.2544
0.72259,0.78273
1.0179,1.2088
1.1979,0.88469
1.0437,1.6222
1.3225,0.85301
0.90473,1.2293
0.84067,0.85293
0.94764,0.96476
1.1627,0.75379
0.65101,0.68469
0.82039,0.67069
1.0869,1.0799
1.1719,1.0781
0.88762,1.6532
0.93208,1.0939
0.85697,1.0175
0.3752,0.86184
1.3286,0.84217
1.2269,1.2376
0.84306,0.79872
1.0123,1.1076
0.84231,0.82231
0.85659,0.86671
0.64567,1.1062
1.5551,0.80572
1.2431,1.2269
1.3766,1.6636
0.92983,1.4159
1.2286,0.81515
0.90081,1.1588
0.76971,0.90547
1.076,1.4598
0.99391,1.2614
1.037,0.88632
0.6568,1.0746
0.89463,0.90139
1.1929,1.0345
1.0833,0.78442
0.88226,0.40579
1.1975,1.3474
1.0458,1.2105
1.3154,1.1427
0.78878,1.0465
1.0257,1.0363
1.1056,1.0371
0.90838,0.59573
1.0122,1.293
0.56899,0.65195
0.73671,0.76912
0.76569,1.0834
1.0005,0.78518
0.89537,1.0753
1.0104,1.0402
0.90408,1.1919
0.61316,1.3222
1.2288,0.9309
0.79873,0.69756
0.93663,0.76924
0.51155,0.93354
0.82875,1.0803
1.2178,0.91353
1.1333,1.3672
0.90822,0.83184
0.90371,0.9279
0.97558,0.92759
0.92049,1.0579
0.76012,1.1614
1.0875,1.0594
1.2973,1.1865
0.60706,0.80965
0.58764,1.2488
0.84236,1.1556
0.88238,0.9622
1.0931,0.4633
1.094,0.91773
0.85976,1.3042
0.60348,0.93257
1.1819,0.65385
1.543,1.4791
0.72137,1.113
1.2014,1.1749
1.1856,1.2946
0.99757,0.93102
1.0404,1.1531
0.69298,0.76517
0.79489,0.8866
1.0476,0.7392
0.67034,1.2167
1.0911,0.83096
0.79397,1.1726
0.77858,1.0233
0.6789,1.1542
1.1822,1.2741
1.1856,1.1139
1.0941,0.6917
1.372,1.1378
1.0247,0.70788
1.0478,0.91491
0.86804,1.4699
0.76876,1.223
1.2582,1.3315
1.0874,1.3194
0.69167,0.76073
1.4319,0.90235
1.048,0.72235
0.75885,1.1033
0.92205,1.135
0.99054,1.2536
1.2097,0.96435
0.75206,0.90564
1.1822,1.0747
1.2655,0.45132
1.2388,1.272
1.0726,1.1934
1.2989,0.91409
1.3585,1.2002
1.2866,1.0909
1.2647,0.60049
0.97925,1.0101
1.2074,1.39
1.3933,1.2458
1.3025,0.81403
1.5537,0.47588
0.73966,1.018
1.1407,1.3712
1.042,1.5913
1.302,0.99738
0.93459,0.90615
1.0095,1.4622
1.3265,0.44103
0.58366,0.91725
1.4169,0.85471
1.1626,0.76956
1.2983,0.86961
1.0502,1.0071
0.98471,1.0603
1.022,1.2365
1.1189,0.81741
0.51347,0.70254
0.70932,0.95619
0.64536,0.80996
0.98852,1.192
1.3234,0.86291
0.76722,1.077
1.067,1.1734
1.2398,1.2523
0.81525,0.87863
1.0726,0.28642
1.0755,1.2464
0.99822,1.41
1.3339,1.0987
0.65512,0.9834
1.4582,1.3897
1.1303,1.4456
1.1182,0.88756
0.88599,1.1444
1.272,1.4056
1.1166,1.0842
1.063,1.0462
0.84064,1.0062
0.90509,0.88923
1.0265,0.50291
1.0493,1.233
1.172,0.63973
0.60592,0.52616
0.9567,1.2059
1.3761,0.9267
0.84208,0.87061
0.99232,1.1499
1.0946,1.0464
1.1337,0.52204
0.7786,0.53956
1.0232,0.017879
1.1392,1.344
0.99972,0.76925
0.99806,0.91866
0.90686,0.59804
1.403,1.5413
0.8679,0.92595
0.94619,0.74013
0.40081,0.93329
0.66933,0.94346
0.83709,0.87038
1.4202,0.92961
0.74464,1.0832
0.837,1.1234
0.9634,1.175
1.0273,0.96367
1.1393,1.0126
0.72081,0.9087
1.18,0.95759
0.9353,0.89183
1.1499,1.0755
0.94748,1.0599
0.76043,0.71513
0.63878,1.1875
0.91535,1.4165
1.0994,0.73263
1.0788,1.1192
1.0966,0.6788
0.78771,0.81343
1.2709,0.73324
0.78258,1.4872
